,chapter_links
0,https://mangapill.com/chapters/795-10001000/claymore-chapter-1
1,https://mangapill.com/chapters/795-10002000/claymore-chapter-2
2,https://mangapill.com/chapters/795-10003000/claymore-chapter-3
3,https://mangapill.com/chapters/795-10004000/claymore-chapter-4
4,https://mangapill.com/chapters/795-10005000/claymore-chapter-5
5,https://mangapill.com/chapters/795-10006000/claymore-chapter-6
6,https://mangapill.com/chapters/795-10007000/claymore-chapter-7
7,https://mangapill.com/chapters/795-10008000/claymore-chapter-8
8,https://mangapill.com/chapters/795-10009000/claymore-chapter-9
9,https://mangapill.com/chapters/795-10010000/claymore-chapter-10
10,https://mangapill.com/chapters/795-10011000/claymore-chapter-11
11,https://mangapill.com/chapters/795-10012000/claymore-chapter-12
12,https://mangapill.com/chapters/795-10013000/claymore-chapter-13
13,https://mangapill.com/chapters/795-10014000/claymore-chapter-14
14,https://mangapill.com/chapters/795-10015000/claymore-chapter-15
15,https://mangapill.com/chapters/795-10016000/claymore-chapter-16
16,https://mangapill.com/chapters/795-10017000/claymore-chapter-17
17,https://mangapill.com/chapters/795-10018000/claymore-chapter-18
18,https://mangapill.com/chapters/795-10019000/claymore-chapter-19
19,https://mangapill.com/chapters/795-10020000/claymore-chapter-20
20,https://mangapill.com/chapters/795-10021000/claymore-chapter-21
21,https://mangapill.com/chapters/795-10022000/claymore-chapter-22
22,https://mangapill.com/chapters/795-10023000/claymore-chapter-23
23,https://mangapill.com/chapters/795-10024000/claymore-chapter-24
24,https://mangapill.com/chapters/795-10025000/claymore-chapter-25
25,https://mangapill.com/chapters/795-10026000/claymore-chapter-26
26,https://mangapill.com/chapters/795-10027000/claymore-chapter-27
27,https://mangapill.com/chapters/795-10028000/claymore-chapter-28
28,https://mangapill.com/chapters/795-10029000/claymore-chapter-29
29,https://mangapill.com/chapters/795-10030000/claymore-chapter-30
30,https://mangapill.com/chapters/795-10031000/claymore-chapter-31
31,https://mangapill.com/chapters/795-10032000/claymore-chapter-32
32,https://mangapill.com/chapters/795-10033000/claymore-chapter-33
33,https://mangapill.com/chapters/795-10034000/claymore-chapter-34
34,https://mangapill.com/chapters/795-10035000/claymore-chapter-35
35,https://mangapill.com/chapters/795-10036000/claymore-chapter-36
36,https://mangapill.com/chapters/795-10037000/claymore-chapter-37
37,https://mangapill.com/chapters/795-10038000/claymore-chapter-38
38,https://mangapill.com/chapters/795-10039000/claymore-chapter-39
39,https://mangapill.com/chapters/795-10040000/claymore-chapter-40
40,https://mangapill.com/chapters/795-10041000/claymore-chapter-41
41,https://mangapill.com/chapters/795-10042000/claymore-chapter-42
42,https://mangapill.com/chapters/795-10043000/claymore-chapter-43
43,https://mangapill.com/chapters/795-10044000/claymore-chapter-44
44,https://mangapill.com/chapters/795-10045000/claymore-chapter-45
45,https://mangapill.com/chapters/795-10046000/claymore-chapter-46
46,https://mangapill.com/chapters/795-10047000/claymore-chapter-47
47,https://mangapill.com/chapters/795-10048000/claymore-chapter-48
48,https://mangapill.com/chapters/795-10049000/claymore-chapter-49
49,https://mangapill.com/chapters/795-10050000/claymore-chapter-50
50,https://mangapill.com/chapters/795-10051000/claymore-chapter-51
51,https://mangapill.com/chapters/795-10052000/claymore-chapter-52
52,https://mangapill.com/chapters/795-10053000/claymore-chapter-53
53,https://mangapill.com/chapters/795-10054000/claymore-chapter-54
54,https://mangapill.com/chapters/795-10055000/claymore-chapter-55
55,https://mangapill.com/chapters/795-10056000/claymore-chapter-56
56,https://mangapill.com/chapters/795-10057000/claymore-chapter-57
57,https://mangapill.com/chapters/795-10058000/claymore-chapter-58
58,https://mangapill.com/chapters/795-10059000/claymore-chapter-59
59,https://mangapill.com/chapters/795-10060000/claymore-chapter-60
60,https://mangapill.com/chapters/795-10061000/claymore-chapter-61
61,https://mangapill.com/chapters/795-10062000/claymore-chapter-62
62,https://mangapill.com/chapters/795-10063000/claymore-chapter-63
63,https://mangapill.com/chapters/795-10064000/claymore-chapter-64
64,https://mangapill.com/chapters/795-10065000/claymore-chapter-65
65,https://mangapill.com/chapters/795-10066000/claymore-chapter-66
66,https://mangapill.com/chapters/795-10067000/claymore-chapter-67
67,https://mangapill.com/chapters/795-10068000/claymore-chapter-68
68,https://mangapill.com/chapters/795-10069000/claymore-chapter-69
69,https://mangapill.com/chapters/795-10070000/claymore-chapter-70
70,https://mangapill.com/chapters/795-10071000/claymore-chapter-71
71,https://mangapill.com/chapters/795-10072000/claymore-chapter-72
72,https://mangapill.com/chapters/795-10073000/claymore-chapter-73
73,https://mangapill.com/chapters/795-10073500/claymore-chapter-73.5
74,https://mangapill.com/chapters/795-10073600/claymore-chapter-73.6
75,https://mangapill.com/chapters/795-10074000/claymore-chapter-74
76,https://mangapill.com/chapters/795-10075000/claymore-chapter-75
77,https://mangapill.com/chapters/795-10076000/claymore-chapter-76
78,https://mangapill.com/chapters/795-10077000/claymore-chapter-77
79,https://mangapill.com/chapters/795-10077500/claymore-chapter-77.5
80,https://mangapill.com/chapters/795-10077600/claymore-chapter-77.6
81,https://mangapill.com/chapters/795-10078000/claymore-chapter-78
82,https://mangapill.com/chapters/795-10079000/claymore-chapter-79
83,https://mangapill.com/chapters/795-10080000/claymore-chapter-80
84,https://mangapill.com/chapters/795-10081000/claymore-chapter-81
85,https://mangapill.com/chapters/795-10082000/claymore-chapter-82
86,https://mangapill.com/chapters/795-10083000/claymore-chapter-83
87,https://mangapill.com/chapters/795-10084000/claymore-chapter-84
88,https://mangapill.com/chapters/795-10085000/claymore-chapter-85
89,https://mangapill.com/chapters/795-10086000/claymore-chapter-86
90,https://mangapill.com/chapters/795-10087000/claymore-chapter-87
91,https://mangapill.com/chapters/795-10088000/claymore-chapter-88
92,https://mangapill.com/chapters/795-10089000/claymore-chapter-89
93,https://mangapill.com/chapters/795-10090000/claymore-chapter-90
94,https://mangapill.com/chapters/795-10091000/claymore-chapter-91
95,https://mangapill.com/chapters/795-10092000/claymore-chapter-92
96,https://mangapill.com/chapters/795-10093000/claymore-chapter-93
97,https://mangapill.com/chapters/795-10094000/claymore-chapter-94
98,https://mangapill.com/chapters/795-10095000/claymore-chapter-95
99,https://mangapill.com/chapters/795-10096000/claymore-chapter-96
100,https://mangapill.com/chapters/795-10097000/claymore-chapter-97
101,https://mangapill.com/chapters/795-10098000/claymore-chapter-98
102,https://mangapill.com/chapters/795-10099000/claymore-chapter-99
103,https://mangapill.com/chapters/795-10100000/claymore-chapter-100
104,https://mangapill.com/chapters/795-10101000/claymore-chapter-101
105,https://mangapill.com/chapters/795-10102000/claymore-chapter-102
106,https://mangapill.com/chapters/795-10103000/claymore-chapter-103
107,https://mangapill.com/chapters/795-10104000/claymore-chapter-104
108,https://mangapill.com/chapters/795-10105000/claymore-chapter-105
109,https://mangapill.com/chapters/795-10106000/claymore-chapter-106
110,https://mangapill.com/chapters/795-10107000/claymore-chapter-107
111,https://mangapill.com/chapters/795-10108000/claymore-chapter-108
112,https://mangapill.com/chapters/795-10109000/claymore-chapter-109
113,https://mangapill.com/chapters/795-10110000/claymore-chapter-110
114,https://mangapill.com/chapters/795-10111000/claymore-chapter-111
115,https://mangapill.com/chapters/795-10112000/claymore-chapter-112
116,https://mangapill.com/chapters/795-10113000/claymore-chapter-113
117,https://mangapill.com/chapters/795-10114000/claymore-chapter-114
118,https://mangapill.com/chapters/795-10115000/claymore-chapter-115
119,https://mangapill.com/chapters/795-10116000/claymore-chapter-116
120,https://mangapill.com/chapters/795-10117000/claymore-chapter-117
121,https://mangapill.com/chapters/795-10118000/claymore-chapter-118
122,https://mangapill.com/chapters/795-10119000/claymore-chapter-119
123,https://mangapill.com/chapters/795-10120000/claymore-chapter-120
124,https://mangapill.com/chapters/795-10121000/claymore-chapter-121
125,https://mangapill.com/chapters/795-10122000/claymore-chapter-122
126,https://mangapill.com/chapters/795-10123000/claymore-chapter-123
127,https://mangapill.com/chapters/795-10124000/claymore-chapter-124
128,https://mangapill.com/chapters/795-10125000/claymore-chapter-125
129,https://mangapill.com/chapters/795-10126000/claymore-chapter-126
130,https://mangapill.com/chapters/795-10127000/claymore-chapter-127
131,https://mangapill.com/chapters/795-10128000/claymore-chapter-128
132,https://mangapill.com/chapters/795-10129000/claymore-chapter-129
133,https://mangapill.com/chapters/795-10130000/claymore-chapter-130
134,https://mangapill.com/chapters/795-10131000/claymore-chapter-131
135,https://mangapill.com/chapters/795-10132000/claymore-chapter-132
136,https://mangapill.com/chapters/795-10133000/claymore-chapter-133
137,https://mangapill.com/chapters/795-10134000/claymore-chapter-134
138,https://mangapill.com/chapters/795-10135000/claymore-chapter-135
139,https://mangapill.com/chapters/795-10136000/claymore-chapter-136
140,https://mangapill.com/chapters/795-10137000/claymore-chapter-137
141,https://mangapill.com/chapters/795-10138000/claymore-chapter-138
142,https://mangapill.com/chapters/795-10139000/claymore-chapter-139
143,https://mangapill.com/chapters/795-10140000/claymore-chapter-140
144,https://mangapill.com/chapters/795-10141000/claymore-chapter-141
145,https://mangapill.com/chapters/795-10142000/claymore-chapter-142
146,https://mangapill.com/chapters/795-10143000/claymore-chapter-143
147,https://mangapill.com/chapters/795-10144000/claymore-chapter-144
148,https://mangapill.com/chapters/795-10145000/claymore-chapter-145
149,https://mangapill.com/chapters/795-10146000/claymore-chapter-146
150,https://mangapill.com/chapters/795-10147000/claymore-chapter-147
151,https://mangapill.com/chapters/795-10148000/claymore-chapter-148
152,https://mangapill.com/chapters/795-10149000/claymore-chapter-149
153,https://mangapill.com/chapters/795-10150000/claymore-chapter-150
154,https://mangapill.com/chapters/795-10151000/claymore-chapter-151
155,https://mangapill.com/chapters/795-10152000/claymore-chapter-152
156,https://mangapill.com/chapters/795-10153000/claymore-chapter-153
157,https://mangapill.com/chapters/795-10154000/claymore-chapter-154
158,https://mangapill.com/chapters/795-10155000/claymore-chapter-155
